Model, Price
S5901,79.99
S9600,94.99
S8598,184.99
S3580,79.99
S8605,159.99
S7970,99.90
S9700,119.99
S6606,139.99
S3505GP,79.99
S5408,79.99
S9001,259.99
S6505,115.99
NE3870,41.99
NE3150,16.90
PG3000,50.90
PG4000,67.90
PG5000,109.00
PG2000,46.90
PG6000,97.90
HG1000,54.90
HG3000,84.90
HG5000,154.99
CR4000,52.90
S8670,125.99
FC1000,184.90
SP-BB1,11.90
MB3000,49.99
D3015,52.99
D5220,75.99
AC5999,115.90
HC5018,26.90
HC5035,44.90
AC9140,125.99
SP-BB2,16.90
AC8605,99.99
AC6330,79.90
D5706,79.99
CI5538,59.99
CI5408,59.99
AC7200,89.99
D5901,71.99
CI5901,59.99
D3195GP,79.99
MB320C,79.99
PG9100,154.99
MB4128,69.00
XR1500,159.99
CI96W1,84.99
PG6030,62.90
HC7130,58.90
CI83V6,84.99
HC9100,118.99
HC3000,72.90
HC4000,88.90
