Model,Price
HC5100,32.00
HC7110,49.00
HC7130,69.00
S3500,69.00
BHT2000A,69.00
CI83V6,69.90
S8540,69.99
S5506GP,79.90
HC7150,79.99
S6505,89.00
S9505,89.99
AC8820,99.00
S8670,99.00
S8598,119.00
NE3850,33.00
HC5018,39.00
NE3870,41.90
HC5035,52.90
D3015,52.90
PG2000,54.99
PG3000,59.90
D5715,59.90
CI5408,59.99
CI5318,64.90
S1510,69.90
D5408,69.99
D5219,71.90
D5220,75.99
S3505GP,79.90
S6300,79.90
S5408,79.99
S3580,79.99
S5505,94.90
CB7400,99.00
AC8002,99.90
AC7200W,99.99
AC8901,99.99
CI9132,104.90
S6606,139.90
D7777,189.99
